{
  "accuracy": 0.7550562024116516,
  "loss": 0.6632051467895508,
  "val_accuracy": 0.6480000019073486,
  "val_loss": 0.9289977550506592,
  "epoch": 3,
  "global_step": 336
}