{
  "accuracy": 0.6745318174362183,
  "loss": 0.8440583348274231,
  "val_accuracy": 0.6140000224113464,
  "val_loss": 0.9484640955924988,
  "epoch": 2,
  "global_step": 252
}