{
  "accuracy": 0.7037453055381775,
  "loss": 0.7785061001777649,
  "val_accuracy": 0.6660000085830688,
  "val_loss": 0.8775967359542847,
  "epoch": 2,
  "global_step": 252
}