{
  "accuracy": 0.7794007658958435,
  "loss": 0.5910747647285461,
  "val_accuracy": 0.6769999861717224,
  "val_loss": 0.8755733966827393,
  "epoch": 4,
  "global_step": 420
}